<?xml version="1.0" encoding="utf-8"?>
<data>
	<filters>
		<filter value="clear" title="CLEAR FILTERS/BLENDS" />
		<filter value="Blur" title="Blur" />
		<filter value="DropShadow" title="Drop Shadow" />
		<filter value="Glow" title="Glow" />
		<filter value="Bevel" title="Bevel" />
		<filter value="Convolution" title="Convolution (Brightness)" />
		<filter value="gradbevel" title="Graident Bevel" />
		<filter value="multiply" title="Multiply Blend" />
		<filter value="screen" title="screen Blend" />
		<filter value="lighten" title="lighten Blend" />
		<filter value="darken" title="darken Blend" />
		<filter value="difference" title="difference Blend" />
		<filter value="add" title="add Blend" />
		<filter value="subtract" title="subtract Blend" />
		<filter value="invert" title="invert Blend" />
		<filter value="alpha" title="alpha Blend" />
		<filter value="erase" title="erase Blend" />
		<filter value="overlay" title="overlay Blend" />
		<filter value="hardlight" title="hardlight Blend" />
	</filters>
</data>
