<?xml version="1.0" encoding="utf-8"?>
<data>
	<playlist>
		<video name="video/alpha/i_008.flv" title="Intoxicating" />
		<video name="video/alpha/a_005.flv" title="Bored" />
		<video name="video/alpha/i_000.flv" title="Preparing Dinner" />
		<video name="video/alpha/i_002.flv" title="Honing Her Skills" />
		<video name="video/alpha/p_002.flv" title="Tap Tap" />
		<video name="video/alpha/p_003.flv" title="Type Something" />
		<video name="video/alpha/p_012.flv" title="Hello?" />
		<video name="video/alpha/p_013.flv" title="Rule the World" />
	</playlist>
</data>
