<phones>
    <phone>
        <name>Samsung Wafer</name>
        <image>../assets/images/Samsung_Wafer.jpeg</image>
        <price>250</price>
        <quantity>5</quantity>
		<rating>3</rating>
        <gps>1</gps>
    </phone>
    <phone>
        <name>LG AX275</name>
        <image>../assets/images/LG_ax275p.jpeg</image>
        <price>150</price>
        <quantity>-35</quantity>
		<rating>4</rating>
        <gps>0</gps>
    </phone>
    <phone>
        <name>Motorola Q</name>
        <image>../assets/images/Motorola_Q.jpeg</image>
        <price>410</price>
        <quantity>17</quantity>
		<rating>-2</rating>
        <gps>1</gps>
    </phone>
    <phone>
        <name>Apple iPhone</name>
        <image>../assets/images/apple-iphone-s.gif</image>
        <price>499</price>
        <quantity>123</quantity>
		<rating>-5</rating>
        <gps>0</gps>
    </phone>
    <phone>
        <name>Rim Blackberry Curve</name>
        <image>../assets/images/blackberry_8310_red_s.gif</image>
        <price>99.99</price>
        <quantity>32</quantity>
		<rating>5</rating>
        <gps>1</gps>
    </phone>
    <phone>
        <name>Rim Blackberry Pearl</name>
        <image>../assets/images/blackberrypearl8100_s_att_.gif</image>
        <price>99.99</price>
        <quantity>-34</quantity>
		<rating>3</rating>
        <gps>0</gps>
    </phone>
	
</phones>