First Name,Last Name,id,Title,managerId,Department,City,State,Phone,Direct Dial
Renee,Dieviss,rdieviss,President,,Corporate Team,San Francisco,CA,415-555-1212,33782
Patricia,Denson,pdenson,Vice President Engineering,rdieviss,Corporate Team,San Francisco,CA,415-555-1213,34265
Christopher,Lampber,clampber,Director of Software Engineering,pdenson,Corporate Team,San Francisco,CA,415-555-1214,34101
Dean,Hownson,dhownson,Director of Hardware Engineering,pdenson,Corporate Team,San Francisco,CA,415-555-1215,33744
Chad,Macott,cmacott,Hardware Engineering Product Manager,dhownson,Hardware Engineering,San Francisco,CA,415-555-1216,34310
Bill,Stright,bstright,Hardware Engineering Product Manager,dhownson,Hardware Engineering,San Francisco,CA,415-555-1217,34513
Sharon,Vis,svis,Software Engineering Product Manager,clampber,Software Engineering,San Francisco,CA,415-555-1218,33702
Nina,Rein,nrein,Software Engineering Product Manager,clampber,Software Engineering,San Francisco,CA,415-555-1219,39776
Bart,Boolzet,bboolzet,Flex Engineer,svis,Software Engineering,San Francisco,CA,415-555-1220,39750
David,Helbeck,dhelbeck,Flex Engineer,svis,Software Engineering,San Francisco,CA,415-555-1221,34167
Bryan,Vinyder,bvinyder,Flex Engineer,svis,Software Engineering,San Francisco,CA,415-555-1222,63006
Claire,Badi,cbadi,Flex Engineer,svis,Software Engineering,San Francisco,CA,415-555-1223,64470
Denise,Mon,dmon,Engineer,nrein,Software Engineering,San Francisco,CA,415-555-1224,33873
Bruce,Selters,bselters,Engineer,nrein,Software Engineering,San Francisco,CA,415-555-1225,42438
Dan,Hers,dhers,Engineer,nrein,Software Engineering,San Francisco,CA,415-555-1226,42552
Sara,Garp,sgarp,Engineer,nrein,Software Engineering,San Francisco,CA,415-555-1227,24256
Chuck,Erick,cerick,Engineer,bboolzet,Hardware Engineering,San Francisco,CA,415-555-1228,81201
Clay,Poklert,cpoklert,Engineer,bboolzet,Hardware Engineering,San Francisco,CA,415-555-1229,34094
Gary,Cham,gcham,Engineer,bboolzet,Hardware Engineering,San Francisco,CA,415-555-1230,62985
Deborah,Can,dcan,Engineer,bboolzet,Hardware Engineering,San Francisco,CA,415-555-1231,57808
Frank,Nord,fnord,Engineer,cmacott,Hardware Engineering,San Francisco,CA,415-555-1232,57808
Andrew,Monoreal,amonoreal,Engineer,cmacott,Hardware Engineering,San Francisco,CA,415-555-1233,57808
Eric,Stant,estant,Engineer,cmacott,Hardware Engineering,San Francisco,CA,415-555-1234,27697
Allen,Sman,asman,Engineer,cmacott,Hardware Engineering,San Francisco,CA,415-555-1235,53738
Brett,Aussonz,baussonz,Engineer,cmacott,Hardware Engineering,San Francisco,CA,415-555-1236,22385
Kathleen,Pendric,kpendric,Engineer,nrein,Software Engineering,San Francisco,CA,415-555-1237,57679
Edward,Sunds,esunds,UI Engineer,nrein,Software Engineering,San Francisco,CA,415-555-1238,24226
Michelle,Larverb,mlarverb,UI Engineer,nrein,Software Engineering,San Francisco,CA,415-555-1239,62294
Dorothy,Prison,dprison,UI Engineer,nrein,Software Engineering,San Francisco,CA,415-555-1240,32839
Brendan,McCones,bmccones,UI Engineer,svis,Software Engineering,San Francisco,CA,415-555-1241,39759
Katharine,Harboun,kharboun,UI Engineer,svis,Software Engineering,San Francisco,CA,415-555-1242,65414
Stefanie,Warraft,swarraft,UI Engineer,svis,Software Engineering,San Francisco,CA,415-555-1243,34507
Denny,Apper,dapper,Vice President Marketing,rdieviss,Corporate Team,Chicago,IL,310-555-1212,32297
Daniel,Will,dwill,Print Marketing Director,dapper,Marketing ,Chicago,IL,310-555-1213,25332
Martha,Dant,mdant,Web Marketing Director,dapper,Marketing ,Chicago,IL,310-555-1214,57808
Dana,Carar,dcarar,Marketing Manager,dwill,Marketing ,Chicago,IL,310-555-1215,39695
Derek,Wyarvic,dwyarvic,Marketing Manager,mdant,Marketing ,Chicago,IL,310-555-1216,33866
Katherine,Dant,kdant,Copyrighter,dcarar,Marketing ,Chicago,IL,310-555-1217,34534
Christina,Ralton,cralton,Copyrighter,dcarar,Marketing ,Chicago,IL,310-555-1218,34396
Diane,Wis,dwis,Copyrighter,dcarar,Marketing ,Chicago,IL,310-555-1219,34537
Ben,Tater,btater,Copyrighter,dcarar,Marketing ,Chicago,IL,310-555-1220,34321
Bradley,Ree,bree,Ad Specialist,dwyarvic,Marketing ,Chicago,IL,310-555-1221,34277
Shirley,Luker,sluker,Ad Specialist,dwyarvic,Marketing ,Chicago,IL,310-555-1222,33773
Kara,Chaumso,kchaumso,Ad Specialist,dwyarvic,Marketing ,Chicago,IL,310-555-1223,34302
Ann,Haglist,ahaglist,Ad Specialist,dwyarvic,Marketing ,Chicago,IL,310-555-1224,33903
Sheri,Gertwri,sgertwri,Ad Specialist,dwyarvic,Marketing ,Chicago,IL,310-555-1225,33873
Mary,Yothork,myothork,Vice President Corporate Sales,rdieviss,Corporate Team,Los Angeles,CA,310-555-1212,34470
Andy,Weidern,aweidern,Director of Software Sales,myothork,Sales ,Los Angeles,CA,310-555-1213,65775
Chris,Bran,cbran,Director of Hardware Sales,myothork,Sales ,Los Angeles,CA,310-555-1214,34355
Doug,AushacL,daushacl,Sales Account Manager,aweidern,Sales ,Los Angeles,CA,310-555-1215,34102
Nicole,McAfey,nmcafey,Sales Account Manager,aweidern,Sales ,Los Angeles,CA,310-555-1216,34690
Cynthia,Day,cday,Sales Account Manager,cbran,Sales ,Los Angeles,CA,310-555-1217,33715
Fred,Martler,fmartler,Sales Account Manager,cbran,Sales ,Los Angeles,CA,310-555-1218,33729
Anthony,Cazzi,acazzi,Sales Executive,daushacl,Sales ,Los Angeles,CA,310-555-1219,57331
Evan,Resto,eresto,Sales Executive,nmcafey,Sales ,Los Angeles,CA,310-555-1220,33709
Deirdre,Gerson,dgerson,Sales Executive,cday,Sales ,Los Angeles,CA,310-555-1221,33842
Deanne,Haltael,dhaltael,Sales Executive,fmartler,Sales ,Los Angeles,CA,310-555-1222,34699
Christen,Havill,chavill,Sales Executive,daushacl,Sales ,Los Angeles,CA,310-555-1223,34500
Melissa,Nalwar,mnalwar,Sales Executive,nmcafey,Sales ,Los Angeles,CA,310-555-1224,34264
Natalie,Syzders,nsyzders,Sales Executive,cday,Sales ,Los Angeles,CA,310-555-1225,34356
Gene,Gairava,ggairava,Sales Executive,fmartler,Sales ,Los Angeles,CA,310-555-1226,57808
Bobby,LaVarbi,blavarbi,Vice President of Information Technology,rdieviss,Corporate Team,Los Angeles,CA,310-555-1227,34567
Carrie,Ryerlar,cryerlar,Information Technology Manager,blavarbi,Information Technology,San Francisco,CA,415-555-1212,33784
Rachel,Fayer,rfayer,Information Technology Manager,blavarbi,Information Technology,San Francisco,CA,415-555-1213,25925
Pamela,Dieligh,pdieligh,Help Desk Specialist,cryerlar,Information Technology,San Francisco,CA,415-555-1214,33841
Dianne,Watinag,dwatinag,Help Desk Specialist,rfayer,Information Technology,San Francisco,CA,415-555-1215,86031
Carlos,Marg,cmarg,Help Desk Specialist,cryerlar,Information Technology,San Francisco,CA,415-555-1216,57808
Karen,Denseni,kdenseni,Help Desk Specialist,rfayer,Information Technology,Los Angeles,CA,310-555-1212,33763
Charles,Luxemer,cluxemer,Help Desk Specialist,cryerlar,Information Technology,Los Angeles,CA,310-555-1213,34403
Monica,Dard,mdard,Help Desk Specialist,rfayer,Information Technology,Los Angeles,CA,310-555-1214,33716
Brian,Miner,bminer,Help Desk Specialist,cryerlar,Information Technology,Los Angeles,CA,310-555-1215,66262
Sandra,Hood,shood,Help Desk Specialist,rfayer,Information Technology,Los Angeles,CA,310-555-1216,34389
Nancy,Nornton,nnornton,Help Desk Specialist,cryerlar,Information Technology,Los Angeles,CA,310-555-1217,36912
Rebecca,Garrez,rgarrez,Help Desk Specialist,rfayer,Information Technology,Los Angeles,CA,310-555-1218,33780
Chrissy,Han,chan,Help Desk Specialist,cryerlar,Information Technology,Los Angeles,CA,310-555-1219,66309
Corey,Fareder,cfareder,Help Desk Specialist,rfayer,Information Technology,Los Angeles,CA,310-555-1220,34065
Crystal,Grisuro,cgrisuro,Help Desk Specialist,cryerlar,Information Technology,Los Angeles,CA,310-555-1221,33787
Barry,Kamson,bkamson,Vice President Creative Services,rdieviss,Corporate Team,Los Angeles,CA,310-555-1222,34220
Dennis,Ritaebe,dritaebe,Creative Director,bkamson,Creative Services,San Francisco,CA,415-555-1212,57808
Maya,Zitad,mzitad,Creative Director,bkamson,Creative Services,San Francisco,CA,415-555-1213,65709
Duane,Meam,dmeam,Creative Director,bkamson,Creative Services,San Francisco,CA,415-555-1214,39823
Brad,Fer,bfer,Creative Director,bkamson,Creative Services,San Francisco,CA,415-555-1215,34067
Catherine,Planne,cplanne,Visual Designer,dritaebe,Creative Services,San Francisco,CA,415-555-1216,62772
Cassandra,Pramps,cpramps,Visual Designer,mzitad,Creative Services,San Francisco,CA,415-555-1212,57808
Art,Mebroyl,amebroyl,Visual Designer,dmeam,Creative Services,San Francisco,CA,415-555-1213,27675
Charlotte,Lewichm,clewichm,Visual Designer,bfer,Creative Services,San Francisco,CA,415-555-1214,64169
Don,Ber,dber,Visual Designer,dritaebe,Creative Services,San Francisco,CA,415-555-1215,64832
Craig,Murawce,cmurawce,Visual Designer,mzitad,Creative Services,San Francisco,CA,415-555-1216,66358
Benjamin,Bainert,bbainert,Visual Designer,dmeam,Creative Services,San Francisco,CA,415-555-1212,57867
Arthur,Mord,amord,Visual Designer,bfer,Creative Services,San Francisco,CA,415-555-1213,39656
Christine,Prino,cprino,Assistant Visual Designer,dritaebe,Creative Services,San Francisco,CA,415-555-1214,57808
Eugene,Allanaw,eallanaw,Assistant Visual Designer,mzitad,Creative Services,San Francisco,CA,415-555-1215,57808
Dave,Pow,dpow,Assistant Visual Designer,dmeam,Creative Services,San Francisco,CA,415-555-1216,33712
Sonia,Coher,scoher,Assistant Visual Designer,bfer,Creative Services,San Francisco,CA,415-555-1212,64101
Christy,Belforg,cbelforg,Assistant Visual Designer,dritaebe,Creative Services,San Francisco,CA,415-555-1213,66547
Courtney,Hugan,chugan,Assistant Visual Designer,mzitad,Creative Services,San Francisco,CA,415-555-1214,39798
Claudia,Hon,chon,Assistant Visual Designer,dmeam,Creative Services,San Francisco,CA,415-555-1215,57808
Danielle,Whin,dwhin,Assistant Visual Designer,bfer,Creative Services,San Francisco,CA,415-555-1216,39671
Melanie,Ger,mger,Assistant Visual Designer,dritaebe,Creative Services,San Francisco,CA,415-555-1212,25128
