<?xml version="1.0" encoding="utf-8" ?>
<application xmlns="http://ns.adobe.com/air/application/1.0.M6">
	<id>com.adobe.air.samples.roadfinder</id>
	<version>1.2</version>
	<name>RoadFinder</name>
	<filename>RoadFinder</filename>
	<initialWindow>
		<title>RoadFinder</title>
		<content>index.html</content>
		<visible>true</visible>
		<transparent>false</transparent>
		<systemChrome>standard</systemChrome>
		<width>800</width>
		<height>600</height>
		<!--  <minimizable>true</minimizable> -->
		<!--  <maximizable>true</maximizable> -->
		<!--  <resizable>true</resizable> -->
		<!--  <x>150</x> -->
		<!--  <y>150</y> -->
		<minSize>640 480</minSize>
		<!--  <maxSize>800 800</maxSize> -->
	</initialWindow>
	
	<installFolder>AIR Examples</installFolder>
	<programMenuFolder>AIR Examples</programMenuFolder>
	<icon>
         <image128x128>icons/AIRApp_128.png</image128x128>
         <image48x48>icons/AIRApp_48.png</image48x48>
         <image32x32>icons/AIRApp_32.png</image32x32>
         <image16x16>icons/AIRApp_16.png</image16x16>
    </icon>
</application>
