﻿<?xml version="1.0" encoding="UTF-8"?>
<application xmlns="http://ns.adobe.com/air/application/1.0.M4" appId="employeedirectory" version="0.1">
<!-- ******   AIR Application Descriptor File   **************************************** 
The AIR application descriptor file specifies parameters
for identifying, installing, and launching AIR applications.
 
The root element of the descriptor file is "application" and has the following attributes:
    appID - A string identifying this application. Every AIR application must
            have a unique appID. The recommended form of an appID is a dot-delimited,
            reverse-DNS-style string, such as: "com.example.ApplicationName"
            The appID string must be between 17-255 characters long
            and may include the following characters:
                0-9 
                a-z 
                A-Z 
                . (dot)
                - (hyphen)              
    version - An application-defined version designator.
	          Examples: "1.0", ".4", "0.5", "Alpha 1",
    xmlns - The AIR namespace ("http://ns.adobe.com/air/application/1.0.M4").
***************************************************************************************-->
	
	<!-- name (required)
    The name displayed by the operating system when the appication is running.
		Example: <name>Example Application</name>
    -->
   	<name>Employee Directory</name>
	
	<!-- title (required)
	The title displayed in the AIR application installer.
		Example: <title>Example Title</title>
	-->
	<title>Employee Directory Sample App</title>
	<description>An sample employee directory application built using Adobe technologies.</description>
	<copyright>Copyright © 2007 Adobe Systems Incorporated. All rights reserved.</copyright>
	
	
	<!-- rootContent (required)
    The main content file of the application, which must be a SWF or HTML file. 
	rootContent has the following attributes:
        systemChrome - "standard" or "none". If "standard", the application window is opened  
	                   with operating system-specific window elements such as a title bar, 
                       minimize, and close buttons. If "none", the application must provide
                       its own window controls. (Note, that the WindowedApplication class supplies
                       a set of window controls, which are only shown when systemChrome="none".)
        transparent - "true" or "false". If "true", the application has support for full transparency.
        visible - "true" or "false". If "false", the main window will not be displayed 
                  until the application changes the visible property.
        width - the initial window height (including chrome).
        height - the initial window width (including chrome).
		
      In Flex Builder, the SWF reference required within this tag will be set automatically when you 
	  launch or export this application.
    -->	
    <rootContent systemChrome="none" transparent="true" visible="true">[SWF reference is generated]</rootContent>
	
	<!-- installFolder (optional)
	The subdirectory within the default application installation location in which to install the application.
	The application will be installed in a subdirectoy of the specified folder.	
		Example: <installFolder>Examples</installFolder>
	-->
	
    <!-- icon (optional)
    Specifies one or more PNG, GIF, or JPEG graphics files to be used as application icons. The path specified
    is relative to the application root directory. If an image is specified, it must be the size specified or 
	application installation will fail. The image files must be included in the AIR package.
	  ****  Example icon element definition **************************
	  **      <icon>                                                  
	  **	    <image16x16>icons/AIRApp_16.png</image16x16>      
	  **        <image32x32>icons/AIRApp_32.png</image32x32>      
	  **        <image48x48>icons/AIRApp_48.png</image48x48>      
	  **        <image128x128>icons/AIRApp_128.png</image128x128> 
	  **      </icon>
	  ****************************************************************
    -->
    
    <icon>
    	<image16x16>embed_assets/app_icons/icon_16.png</image16x16>
    	<image32x32>embed_assets/app_icons/icon_32.png</image32x32>
    	<image48x48>embed_assets/app_icons/icon_48.png</image48x48>
    	<image128x128>embed_assets/app_icons/icon_128.png</image128x128>
    </icon>
	
	<!-- handleUpdates (optional)
	If the handleUpdates element is present in the application descriptor, then the AIR runtime
	will defer version updates to this application.
		Example: <handleUpdates/>
	-->
	
	<!-- fileTypes (optional)
	The file types to register when this application is installed.	
	  ****  Example fileTypes element definition *********************
	  **      <fileTypes>
	  **          <fileType>
	  **            <name>com.example</name>
	  **            <extension>xmpl</extension>
	  **            <description>Example file</description>
	  **            <contentType>example/x-data-type</contentType>
	  **          </fileType>
	  **      </fileTypes>
	  ****************************************************************
	-->

</application>
