<?xml version="1.0" encoding="utf-8"?>
<!DOCTYPE urlrewrite PUBLIC "-//tuckey.org//DTD UrlRewrite 2.6//EN"
        "http://tuckey.org/res/dtds/urlrewrite2.6.dtd">

<urlrewrite>
    
    <!-- Matches SWFAddress values and transforms them to a format that can be used by a serverside language -->
    <rule>
        <condition name="user-agent">Googlebot|Msnbot|Slurp|Jeeves</condition>
        <from>/swfaddress/samples/seo/(?!index\.jsp|website\.swf|images|swfobject|swfaddress)([^\?.]+[^/])(/(\?(.+))?)?$</from>
        <to last="true">/swfaddress/samples/seo/?swfaddress=/$1/&amp;$4</to>
    </rule>

    <!-- Matches SWFAddress values and transforms them to a format that will be used only by Internet Explorer -->
    <rule>
        <condition name="user-agent">MSIE</condition>
        <from>/swfaddress/samples/seo/(?!index\.jsp|website\.swf|images|swfobject|swfaddress)([^\?.]+[^/])(/(\?(.+))?)?$</from>
        <to type="redirect" last="true">/swfaddress/samples/seo/?/$1/$3</to>
    </rule>
    
    <!-- Matches SWFAddress values and transforms them to a format that will be used by the browser -->
    <rule>
        <from>/swfaddress/samples/seo/(?!index\.jsp|website\.swf|images|swfobject|swfaddress)([^\?.]+[^/])(/(\?(.+))?)?$</from>
        <to type="redirect">/swfaddress/samples/seo/#/$1/$3</to>
    </rule>
    
</urlrewrite>

