<?xml version="1.0" encoding="UTF-8"?>
<index>
	<title>Source of yflash_gs</title>
	<nodes>
		<node label="html-template">
			<node label="history">
				<node label="history.css" icon="cssIcon" url="source/html-template/history/history.css.html"/>
				<node label="history.js" url="source/html-template/history/history.js.txt"/>
				<node label="historyFrame.html" icon="htmlIcon" url="source/html-template/history/historyFrame.html"/>
			</node>
			<node label="AC_OETags.js" url="source/html-template/AC_OETags.js.txt"/>
			<node label="index.template.html" icon="htmlIcon" url="source/html-template/index.template.html"/>
			<node label="playerProductInstall.swf" icon="swfIcon" url="source/html-template/playerProductInstall.swf"/>
		</node>
		<node label="libs">
			<node label="YahooMap.swc" url="source/libs/YahooMap.swc"/>
		</node>
		<node label="src" icon="classpathIcon" expanded="true">
			<node selected="true" label="yflash_gs.as" icon="mxmlAppIcon" url="source/yflash_gs.as.html"/>
		</node>
	</nodes>
</index>
