<?xml version="1.0" encoding="utf-8"?>
<Rooms>
	<Room name="Room 1" />
	<Room name="Room 2" />
	<Room name="Room 3" />
	<Room name="Room 4" />
	<Room name="Room 5" />
	<Room name="Room 6" />
	<Room name="Room 7" />
	<Room name="Room 8" />
	<Room name="Room 9" />
	<Room name="Room 10" />
	<Room name="Room 1" />
	<Room name="Room 2" />
	<Room name="Room 3" />
	<Room name="Room 4" />
	<Room name="Room 5" />
	<Room name="Room 6" />
	<Room name="Room 7" />
	<Room name="Room 8" />
	<Room name="Room 9" />
	<Room name="Room 10" />
	<Room name="Room 1" />
	<Room name="Room 2" />
	<Room name="Room 3" />
	<Room name="Room 4" />
	<Room name="Room 5" />
	<Room name="Room 6" />
	<Room name="Room 7" />
	<Room name="Room 8" />
	<Room name="Room 9" />
	<Room name="Room 10" />
</Rooms>